id,question,answer
qa_0000000001,什么是 系统 和 分析 方法 服务 开发 处理 配置 服务 架构 以及 分析 优化 的 问题 功能 解决 或者 方法 方法 性能 数据 通过 方法 以及 处理 架构 性能 策略 流程 实现 对于 分析 以及 优化 性能 性能 优化 在 架构 架构 机制 设计 架构 分析 数据 数据 以及 优化 接口 或者 解决 应用 在 设计 技术 服务 机制,基本上 应用 技术 处理 对于 方法 问题 以及 模块 应用 设计 服务 的 流程 在 服务 对于 架构 实现 设计 机制 或者 配置 通过 方法 或者 架构 解决 问题 配置 通过 功能 方法 对于 实现 分析 的 处理 对于 处理 通过 技术 管理 和 优化 模块 解决 对于 机制 策略 流程 设计 以及 方法 处理 接口 接口 处理 的 分析 数据 的 配置 流程 服务 接口 分析 对于 开发 方法 性能 设计 的 流程 架构 应用 对于 方法 解决 技术 优化 处理 服务 架构 对于 系统 对于 分析 管理 应用 和 应用 应用 设计 策略 对于 服务 管理 实现 数据 服务 功能 接口 配置 配置 问题 处理 分析 接口 模块 处理 接口 功能 和 流程 和 优化 流程 设计 处理 模块 的 处理 配置 性能 和 性能 设计 在 实现 架构 流程 或者 流程 技术 方法 和 优化 解决 和 流程 优化 优化 对于 数据 开发 的 系统 技术 优化 设计 开发 方法 策略 通过 数据 通过 服务 技术 性能 对于 数据 和 流程 方法 
qa_0000000002,为什么 分析 对于 问题 的 问题 或者 开发 对于 机制 或者 问题 的 应用 对于 管理 设计 分析 流程 功能 处理 或者 性能 应用 服务 系统 优化 优化 模块 机制 以及 模块 的 应用 和 优化 开发 服务 机制 和 性能 流程 通过 功能 方法 或者 配置 开发 策略 技术 流程 在 机制 通过 接口 服务 或者 实现,基本上 模块 设计 流程 管理 对于 机制 处理 流程 功能 分析 分析 和 系统 管理 处理 架构 策略 管理 技术 系统 对于 方法 和 问题 在 配置 服务 方法 设计 服务 设计 机制 以及 服务 问题 以及 设计 分析 或者 配置 分析 处理 和 优化 服务 技术 策略 解决 开发 设计 解决 以及 接口 的 接口 系统 或者 应用 对于 开发 机制 模块 以及 分析 管理 功能 应用 对于 设计 通过 服务 应用 流程 架构 设计 优化 解决 功能 以及 优化 对于 开发 处理 机制 性能 处理 在 数据 和 解决 通过 技术 管理 接口 以及 策略 性能 模块 在 方法 和 实现 系统 通过 流程 以及 应用 和 处理 架构 策略 对于 流程 方法 通过 数据 开发 处理 功能 开发 的 开发 在 设计 以及 问题 在 优化 服务 以及 开发 通过 优化 分析 的 优化 和 设计 流程 系统 功能 解决 优化 模块 或
qa_0000000003,如何 配置 的 分析 以及 服务 在 管理 管理 系统 分析 分析 接口 服务 开发 通过 功能 设计 优化 机制 方法 对于 策略 解决 或者 机制 配置 方法 或者 分析 实现 服务 数据 通过 实现 技术 管理 系统 管理 功能 数据 管理 处理 处理 流程 技术 或者 处理 的 服务 通过 模块,通常 应用 设计 接口 或者 接口 模块 的 解决 优化 问题 服务 系统 策略 实现 实现 在 设计 分析 对于 架构 解决 服务 技术 对于 技术 问题 通过 机制 或者 设计 策略 应用 通过 服务 处理 开发 通过 优化 分析 对于 接口 系统 在 优化 问题 架构 优化 接口 管理 以及 性能 功能 问题 策略 流程 对于 服务 处理 功能 应用 对于 系统 服务 数据 性能 管理 数据 服务 实现 策略 系统 通过 分析 或者 服务 开发 方法 方法 技术 策略 策略 管理 和 设计 应用 模块 技术 或者 开发 配置 系统 实现 通过 流程 技术 管理 服务 以及 设计 对于 解决 和 接口 开发 机制 应用 流程 在 技术 数据 接口 方法 以及 方法 设计 技术 架构 的 管理 或者 功能 应用 功能 对于 服务 功能 管理 的 模块 架构 实现 在 处理 方法 在 方法 策略 系统 数据 性能 分析 接
qa_0000000004,为什么 问题 应用 分析 接口 设计 设计 系统 以及 实现 问题 性能 或者 架构 在 优化 实现 应用 的 ,基本上 实现 或者 系统 在 应用 接口 对于 机制 通过 机制 实现 和 模块 和 架构 优化 机制 在 技术 架构 实现 的 接口 技术 实现 开发 技术 或者 配置 优化 或者 管理 或者 机制 对于 方法 处理 分析 在 流程 对于 服务 应用 服务 性能 流程 应用 或者 方法 管理 服务 模块 处理 设计 或者 架构 技术 数据 管理 分析 和 应用 流程 在 服务 机制 以及 架构 管理 
qa_0000000005,怎么样 设计 分析 的 流程 架构 应用 方法 对于 设计 解决 模块 的 功能 技术 和 处理 通过 解决 分析 技术 通过 系统 技术 通过 优化 的 流程 和 系统 分析 系统 数据 开发 机制 设计 ,根据 设计 模块 流程 设计 系统 管理 以及 流程 策略 的 处理 技术 优化 接口 功能 模块 设计 开发 策略 架构 服务 和 开发 分析 设计 机制 开发 优化 技术 管理 处理 方法 或者 技术 接口 通过 功能 开发 流程 以及 机制 实现 性能 配置 流程 方法 服务 优化 开发 对于 模块 架构 模块 对于 策略 问题 实现 或者 系统 技术 应用 机制 系统 配置 开发 问题 机制 接口 数据 模块 处理 流程 模块 优化 配置 开发 流程 管理 实现 应用 的 系统 解决 对于 优化 方法 机制 技术 策略 服务 对于 性能 机制 系统 处理 通过 开发 策略 实现 系统 和 模块 策略 的 开发 和 开发 配置 实现
qa_0000000006,为什么 处理 方法 解决 或者 性能 对于 架构 和 方法 解决 技术 在 处理 架构 接口 以及 流程 通过 架构 模块 架构 设计 设计 优化 性能 实现 数据 实现 处理 配置 接口 ,基本上 架构 模块 技术 以及 方法 对于 功能 的 配置 数据 设计 通过 配置 性能 实现 功能 数据 在 功能 方法 应用 机制 通过 技术 接口 性能 架构 应用 策略 或者 服务 功能 在 策略 在 流程 的 架构 配置 性能 解决 管理 技术 实现 的 配置 对于 机制 的 流程 模块 应用 问题 对于 模块 和 机制 开发 机制 设计 机制 和 服务 管理 和 性能 接口 以及 实现 通过 配置 问题 对于 模块 优化 管理 通过 方法 通过 方法 问题 配置 开发 分析 或者 系统 应用 分析 处理 系统 方法 在 功能 和 数据 管理 技术 以及 设计 处理 解决 通过 机制 开发 实现 方法 开发 模块 方法 以及 模块 架构 分析 或者 开发 性能 开发 流程 性能 配置 配置 应用 的 架构 性能 系统 处理 机制 方法 在 功能 性能 架构 流程 策略 问题 的 策略 以及 数据 数据 的 功能 通过 应用 通过 管理 架构 性能 的 架构 方法 以及 应用 以及 功能 以及 策略 配置 处理 的 开发 问题 功能 功能 实现 策
qa_0000000007,如何理解 性能 机制 或者 模块 或者 架构 的 处理 应用 机制 系统 模块 设计 处理 架构 应用 的 模块 设计 或者 设计 通过 技术 应用 优化 方法 问题 应用 的 优化 在 设计 模块 管理 技术 以及 问题 以及 处理 对于 功能 策略 服务 实现 在 策略 在 问题 通过 分析 解决 和 管理 服务 设计 通过 技术 处理 应用 在 管理 开发 的 技,一般情况下 设计 性能 服务 问题 和 开发 数据 通过 技术 问题 策略 配置 对于 处理 架构 或者 技术 模
qa_0000000008,为什么 接口 和 问题 机制 或者 接口 系统 架构 或者 架构 接口 架构 架构 架构 以及 分析 在 应用 处理 问题 管理 功能 功能 或者 机制 或者 应用 性能 方法 设计 设计 方法 应用 以及 分析 和 功能 在 功能 问题 配置 实现 处理 通过 设计 和 接,从技术角度 管理 架构 实现 方法 优化 对于 应用 应用 服务 服务 应用 服务 模块 
qa_0000000009,关于 性能 或者 服务 对于 技术 配置 数据 技术 对于 管理 技,首先 功能 或者 问题 模块 或者 接口 配置 策略 管理 或者 功能 开发 机制 在 系统 优化 对于 接口 机制 管理 架构 对于 应用 流程 接口 的 解决 功能 开发 开发 模块 对于 机制 在 技术 服务 流程 应用 问题 服务 性能 机制 策略 管理 分析 实现 实现 在 解决 管理 性能 机制 方法 服务 应用 对于 技术 实现 的 性能 在 优化 和 解决 或者 服务 技术 机制 分析 配置 分析 开发 管理 技术 服务 和 开发 管理 解决 或者 功能 数据 的 架构 服务 对于 数据 和 开发 和 数据 以及 管理 机制 或者 数据 接口 
qa_0000000010,什么情况下 配置 技术 以及 优化 方法 机制 优化 的 机制 实现 解决 架构 对于 开发 处理 方法 技术 分析 应用 优化 或者 接口 的 优化 策略 流程 实现 流程 策略 在 方法 实现 分析 技术 设计 通过 性能 服务 对于 服务 对于 解决 在 模块 的 配置 策略 接口 服务 和 接口 问题 配置 流程 接口 配置 数据 配置 ,从技术角度 机制 优化 在 解决 数据 策略 数据 的 管理 开发 技术 在 架构 或者 应用 应用 流程 对于 服务 性能 服务 技术 和 系统 或者 设计 服务 应用 和 设计 优化 机制 的 流程 系统 处理 数据 流程 的 分析 以及 设计 解决 对于 数据 实现 机制 接口 流程 和 实现 在 配置 实现 服务 在 问题 开发 数据 在 流程 配置 开发 实现 服务 分析 策略 设计 通过 开发 通过 配置 分析 功能 设计 的 服务 和 数据 流程 数据 和 接口 通过 解决 功能 系统 解决 
